Datum;Tura;Dejavnost;km;Vzpon m;Skupni čas s;Čas v gibanju s;Vir
2026-10-05;Decathlon 2;cycling;20,1;276.0;8129;4789;Locus
2026-10-03;Polšnik ;cycling;56,6;1600.0;11982;10051;Locus
2026-10-01;Robež;cycling;34,0;806.0;8569;6509;Locus
2026-09-30;Decathlon ;cycling;18,2;10.0;6519;3563;Locus
2026-09-29;Debeli hrib ;cycling;21,2;366.0;7373;5843;Locus
2026-09-27;Črni Kal ;cycling;42,2;981.0;12149;9505;Locus
2026-09-26;Buje Brtonigla Umag;cycling;51,4;627.0;14261;10729;Locus
2026-09-23;Sv. Ana (oli popr. 3.test);cycling;29,4;246.0;9645;6049;Locus
2026-09-20;Dovška Baba (oli popr. 2.test);cycling;25,7;1202.0;10410;7257;Locus
2026-09-19;Golo Brdo Topol (oli popr. 1.test);cycling;39,3;851.0;10295;8281;Locus
2026-09-16;Podsmreka (econo 2%);cycling;14,1;74.0;4414;3479;Locus
2026-09-15;Grad, Golovec (econo 12%);cycling;23,8;267.0;5931;5049;Locus
2026-09-13;Babi Rakitna (econo 47%);cycling;52,9;775.0;9980;9017;Locus
2026-09-12;Katarina (econo 60%);cycling;29,8;714.0;6619;5795;Locus
2026-09-08;Mojstrana Dragočajna (oli motor defekt);cycling;66,5;698.0;20844;12703;Locus
2026-09-05;Trzin;cycling;15,6;47.0;4083;3546;Locus
2026-09-03;Turjak Šmarje Sap ;cycling;61,4;583.0;10069;8950;Locus
2026-09-01;Podsmreka Debeli hrib ;cycling;20,3;417.0;9031;5589;Locus
2026-08-30;Golovec Bizovik ;cycling;23,5;327.0;12354;6101;Locus
2026-08-29;Klobuk ;cycling;16,8;202.0;3829;3294;Locus
2026-08-28;Brezovica Debeli hrib;cycling;17,2;186.0;5709;4493;Locus
2026-08-26;Barje (novi plašči schwalbe 29x2,1);cycling;21,7;12.0;11379;4426;Locus
2026-08-24;Močilnik Borovnica;cycling;49,9;450.0;11094;7173;Locus
2026-08-23;Planinca;cycling;30,3;344.0;9825;7429;Locus
2026-08-19;Jesenice ;cycling;27,5;361.0;9321;6666;Locus
2026-08-18;Trbiž Kokove;cycling;23,5;633.0;15825;7235;Locus
2026-08-15;Krma;cycling;19,6;467.0;6117;4625;Locus
2026-08-13;Planina pod Golico;cycling;35,7;1022.0;11651;8210;Locus
2026-08-12;Žirovnica mrk;cycling;28,8;374.0;4504;4241;Locus
2026-08-11;rovt Vrse;cycling;18,6;611.0;5843;4354;Locus
2026-08-08;Javorniški rovt Sedlo Suha;cycling;15,0;625.0;9394;6438;Locus
2026-08-07;Bled Blejska Dobrava ;cycling;56,2;1147.0;13938;9660;Locus
2026-08-05;Barje Zaklanec Dvor ;cycling;45,0;531.0;9604;7671;Locus
2026-08-03;Toško čelo ;cycling;21,4;474.0;3919;3802;Locus
2026-08-01;Jelovica ;cycling;35,3;1224.0;20871;10880;Locus
2026-07-28;Barje ;cycling;27,2;206.0;5644;4881;Locus
2026-07-23;Topolšica Smrekovec Kriška gora ;cycling;42,6;2000.0;17727;10981;Locus
2026-07-21;Topolšica Štrekna Graška Gora ;cycling;65,8;1098.0;16924;11239;Locus
2026-07-19;Topolšica Andrejev dom na slemenu;cycling;33,0;1499.0;14191;7956;Locus
2026-07-16;Pod Kepo Tromostovje ;cycling;24,0;621.0;7982;5215;Locus
2026-07-15;Belca;cycling;17,9;452.0;6056;3791;Locus
2026-07-13;Valvasorjev dom pod Stolom ;cycling;18,3;914.0;10248;5744;Locus
2026-07-12;Radovna Stresena dolima Frckov vrh;cycling;20,5;895.0;12789;6732;Locus
2026-07-09;Rudnik Orle Golovec ;cycling_mountain;19,4;273.0;8905;3575;Locus
2026-07-04;Koča v Krnici;cycling;44,3;719.0;11598;8943;Locus
2026-07-01;Golovec ;cycling;16,5;173.0;3173;3128;Locus
2026-06-28;Vrata;walking;4,4;71.0;5852;4306;Locus
2026-06-27;Bled Mojstrana čez Radovno;cycling;21,0;523.0;4791;4027;Locus
2026-06-21;Dobrova Brezje;cycling;35,5;203.0;8168;6921;Locus
2026-06-14;Stella Maris Savudrija ;cycling;41,4;446.0;12484;9221;Locus
2026-06-13;Izola, Piran;cycling;30,3;624.0;12199;7676;Locus
2026-06-12;Savudrija ;cycling;35,3;408.0;8685;6562;Locus
2026-06-07;Polhograjci sv. Ožbolt ;cycling;32,8;1509.0;11927;8472;Locus
2026-05-29;Lisičje Orle;cycling;29,6;388.0;7843;6588;Locus
2026-05-28;Mami Jezero;cycling;27,8;97.0;16669;5739;Locus
2026-05-27;Jakob Medvode ;cycling;41,5;740.0;10370.682;;Locus
2026-05-23;Barje;cycling;33,3;57.0;7987;7207;Locus
2026-05-09;Barje ;cycling;27,6;48.0;8523;6103;Locus
2026-05-03;Milje;cycling;48,7;763.0;15057;10704;Locus
2026-05-02;Malija Šared ;cycling;24,8;464.0;8861;5457;Locus
2026-05-01;Abitanti ;cycling;46,0;1044.0;12125;8997;Locus
2026-04-27;Jeruzalem ;cycling;37,9;530.0;11173;8462;Locus
2026-04-26;Banovci Mura brodovi;cycling;31,3;12.0;13843;8283;Locus
2026-04-19;Mojstrana Šenčur ;cycling;58,1;786.0;10539;9194;Locus
2026-04-17;Ljubljana Mojstrana ;cycling;81,1;1050.0;14742;11966;Locus
2026-04-12;Ljubljana Turjak ;cycling;33,7;503.0;6357;5880;Locus
2026-04-07;Kozina Trst;cycling;46,9;1057.0;18482;11227;Locus
2026-04-06;Lucan Ribič ;cycling;13,5;250.0;3865;3106;Locus
2026-04-05;Grožnjan Motovun ;cycling;45,6;944.0;22223;11493;Locus
2026-03-24;Golovec Orle Barje;cycling;28,6;305.0;6824;5771;Locus
2026-02-28;Barje krog;cycling;23,9;35.0;10558;4167;Locus
2026-02-18;Šared Izola;cycling;25,7;491.0;6267;5233;Locus
2026-02-17;Vanganelsko jezero;cycling;46,7;973.0;14726;10369;Locus
